old_names,new_names,Table_ID,Table_Name,Type,Variable_Name
Number of rooms (VOA): Total: All households,ts0510001,ts051,Number of rooms (VOA),,
Number of rooms (VOA): 1 room,ts0510002,ts051,Number of rooms (VOA),,
Number of rooms (VOA): 2 rooms,ts0510003,ts051,Number of rooms (VOA),,
Number of rooms (VOA): 3 rooms,ts0510004,ts051,Number of rooms (VOA),,
Number of rooms (VOA): 4 rooms,ts0510005,ts051,Number of rooms (VOA),,
Number of rooms (VOA): 5 rooms,ts0510006,ts051,Number of rooms (VOA),,
Number of rooms (VOA): 6 rooms,ts0510007,ts051,Number of rooms (VOA),,
Number of rooms (VOA): 7 rooms,ts0510008,ts051,Number of rooms (VOA),,
Number of rooms (VOA): 8 rooms,ts0510009,ts051,Number of rooms (VOA),,
Number of rooms (VOA): 9 or more rooms,ts0510010,ts051,Number of rooms (VOA),,
Type of central heating in household: Total: All households,ts0460001,ts046,Type of central heating in household,,
Type of central heating in household: No central heating,ts0460002,ts046,Type of central heating in household,,
Type of central heating in household: Mains gas only,ts0460003,ts046,Type of central heating in household,,
Type of central heating in household: Tank or bottled gas only,ts0460004,ts046,Type of central heating in household,,
Type of central heating in household: Electric only,ts0460005,ts046,Type of central heating in household,,
Type of central heating in household: Oil only,ts0460006,ts046,Type of central heating in household,,
Type of central heating in household: Wood only,ts0460007,ts046,Type of central heating in household,,
Type of central heating in household: Solid fuel only,ts0460008,ts046,Type of central heating in household,,
Type of central heating in household: Renewable energy only,ts0460009,ts046,Type of central heating in household,,
Type of central heating in household: District or communal heat networks only,ts0460010,ts046,Type of central heating in household,,
Type of central heating in household: Other central heating only,ts0460011,ts046,Type of central heating in household,,
Type of central heating in household: Two or more types of central heating (not including renewable energy),ts0460012,ts046,Type of central heating in household,,
Type of central heating in household: Two or more types of central heating (including renewable energy),ts0460013,ts046,Type of central heating in household,,
General health: Total: All usual residents,ts0370001,ts037,General health,,
General health: Very good health,ts0370002,ts037,General health,,
General health: Good health,ts0370003,ts037,General health,,
General health: Fair health,ts0370004,ts037,General health,,
General health: Bad health,ts0370005,ts037,General health,,
General health: Very bad health,ts0370006,ts037,General health,,
Length of residence in the UK: Total: All usual residents; measures: Value,ts0160001,ts016,Length of residence in the UK,Value,
Length of residence in the UK: Born in the UK; measures: Value,ts0160002,ts016,Length of residence in the UK,Value,
Length of residence in the UK: 10 years or more; measures: Value,ts0160003,ts016,Length of residence in the UK,Value,
"Length of residence in the UK: 5 years or more, but less than 10 years; measures: Value",ts0160004,ts016,Length of residence in the UK,Value,
"Length of residence in the UK: 2 years or more, but less than 5 years; measures: Value",ts0160005,ts016,Length of residence in the UK,Value,
Length of residence in the UK: Less than 2 years; measures: Value,ts0160006,ts016,Length of residence in the UK,Value,
Number of disabled people in household: Total: All households,ts0400001,ts040,Number of disabled people in household,,
Number of disabled people in household: No people disabled under the Equality Act in household,ts0400002,ts040,Number of disabled people in household,,
Number of disabled people in household: 1 person disabled under the Equality Act in household,ts0400003,ts040,Number of disabled people in household,,
Number of disabled people in household: 2 or more people disabled under the Equality Act in household,ts0400004,ts040,Number of disabled people in household,,
Sex: All persons; measures: Value,ts0200001,ts020,Sex,Value,
Sex: Female; measures: Value,ts0200002,ts020,Sex,Value,
Sex: Male; measures: Value,ts0200003,ts020,Sex,Value,
Household composition: Total; measures: Value,ts0030001,ts003,Household composition,Value,
Household composition: One person household; measures: Value,ts0030002,ts003,Household composition,Value,
Household composition: One person household: Aged 66 years and over; measures: Value,ts0030003,ts003,Household composition,Value,
Household composition: One person household: Other; measures: Value,ts0030004,ts003,Household composition,Value,
Household composition: Single family household; measures: Value,ts0030005,ts003,Household composition,Value,
Household composition: Single family household: All aged 66 years and over; measures: Value,ts0030006,ts003,Household composition,Value,
Household composition: Single family household: Married or civil partnership couple; measures: Value,ts0030007,ts003,Household composition,Value,
Household composition: Single family household: Married or civil partnership couple: No children; measures: Value,ts0030008,ts003,Household composition,Value,
Household composition: Single family household: Married or civil partnership couple: Dependent children; measures: Value,ts0030009,ts003,Household composition,Value,
Household composition: Single family household: Married or civil partnership couple: All children non-dependent; measures: Value,ts0030010,ts003,Household composition,Value,
Household composition: Single family household: Cohabiting couple family; measures: Value,ts0030011,ts003,Household composition,Value,
Household composition: Single family household: Cohabiting couple family: No children; measures: Value,ts0030012,ts003,Household composition,Value,
Household composition: Single family household: Cohabiting couple family: With dependent children; measures: Value,ts0030013,ts003,Household composition,Value,
Household composition: Single family household: Cohabiting couple family: All children non-dependent; measures: Value,ts0030014,ts003,Household composition,Value,
Household composition: Single family household: Lone parent family; measures: Value,ts0030015,ts003,Household composition,Value,
Household composition: Single family household: Lone parent family: With dependent children; measures: Value,ts0030016,ts003,Household composition,Value,
Household composition: Single family household: Lone parent family: All children non-dependent; measures: Value,ts0030017,ts003,Household composition,Value,
Household composition: Single family household: Other single family household; measures: Value,ts0030018,ts003,Household composition,Value,
Household composition: Single family household: Other single family household: Other family composition; measures: Value,ts0030019,ts003,Household composition,Value,
Household composition: Other household types; measures: Value,ts0030020,ts003,Household composition,Value,
Household composition: Other household types: With dependent children; measures: Value,ts0030021,ts003,Household composition,Value,
"Household composition: Other household types: Other, including all full-time students and all aged 66 years and over; measures: Value",ts0030022,ts003,Household composition,Value,
Welsh speaking ability: Total: All usual residents aged 3 years and over,ts0330001,ts033,Welsh speaking ability,,
Welsh speaking ability: Cannot speak Welsh,ts0330002,ts033,Welsh speaking ability,,
Welsh speaking ability: Can speak Welsh,ts0330003,ts033,Welsh speaking ability,,
Household language (English and Welsh): Total: All households,ts0250001,ts025,Household language (English and Welsh),,
"Household language (English and Welsh): All adults in household have English in England, or English or Welsh in Wales as a main language",ts0250002,ts025,Household language (English and Welsh),,
"Household language (English and Welsh): At least one but not all adults in household have English in England, or English or Welsh in Wales as a main language",ts0250003,ts025,Household language (English and Welsh),,
"Household language (English and Welsh): No adults in household, but at least one person aged 3 to 15 years, has English in England or English or Welsh in Wales as a main language",ts0250004,ts025,Household language (English and Welsh),,
"Household language (English and Welsh): No people in household have English in England, or English or Welsh in Wales as a main language",ts0250005,ts025,Household language (English and Welsh),,
Disability: Total: All usual residents,ts0380001,ts038,Disability,,
Disability: Disabled under the Equality Act,ts0380002,ts038,Disability,,
Disability: Disabled under the Equality Act: Day-to-day activities limited a lot,ts0380003,ts038,Disability,,
Disability: Disabled under the Equality Act: Day-to-day activities limited a little,ts0380004,ts038,Disability,,
Disability: Not disabled under the Equality Act,ts0380005,ts038,Disability,,
Disability: Not disabled under the Equality Act: Has long term physical or mental health condition but day-to-day activities are not limited,ts0380006,ts038,Disability,,
Disability: Not disabled under the Equality Act: No long term physical or mental health conditions,ts0380007,ts038,Disability,,
National identity: Total: All usual residents,ts0270001,ts027,National identity,,
National identity: British only identity,ts0270002,ts027,National identity,,
National identity: English only identity,ts0270003,ts027,National identity,,
National identity: English and British only identity,ts0270004,ts027,National identity,,
National identity: Welsh only identity,ts0270005,ts027,National identity,,
National identity: Welsh and British only identity,ts0270006,ts027,National identity,,
National identity: Any other combination of only UK identities,ts0270007,ts027,National identity,,
National identity: Scottish only identity,ts0270008,ts027,National identity,,
National identity: Scottish and British only identity,ts0270009,ts027,National identity,,
National identity: Northern Irish only identity,ts0270010,ts027,National identity,,
National identity: Northern Irish and British only identity,ts0270011,ts027,National identity,,
National identity: Cornish only identity,ts0270012,ts027,National identity,,
National identity: Cornish and British only identity,ts0270013,ts027,National identity,,
National identity: Any other combination of only UK identities ,ts0270014,ts027,National identity,,
National identity: Irish only identity,ts0270015,ts027,National identity,,
National identity: Irish and at least one UK identity,ts0270016,ts027,National identity,,
National identity: Other identity only,ts0270017,ts027,National identity,,
National identity: Other identity and at least one UK identity,ts0270018,ts027,National identity,,
National identity: Non-UK identity only,ts0270019,ts027,National identity,,
National identity: UK identity and non-UK identity,ts0270020,ts027,National identity,,
Marital and civil partnership status: Total; measures: Value,ts0020001,ts002,Marital and civil partnership status,Value,
Marital and civil partnership status: Never married and never registered a civil partnership; measures: Value,ts0020002,ts002,Marital and civil partnership status,Value,
Marital and civil partnership status: Married or in a registered civil partnership; measures: Value,ts0020003,ts002,Marital and civil partnership status,Value,
Marital and civil partnership status: Married or in a registered civil partnership: Married; measures: Value,ts0020004,ts002,Marital and civil partnership status,Value,
Marital and civil partnership status: Married or in a registered civil partnership: Married: Opposite sex; measures: Value,ts0020005,ts002,Marital and civil partnership status,Value,
Marital and civil partnership status: Married or in a registered civil partnership: Married: Same sex; measures: Value,ts0020006,ts002,Marital and civil partnership status,Value,
Marital and civil partnership status: Married or in a registered civil partnership: In a registered civil partnership; measures: Value,ts0020007,ts002,Marital and civil partnership status,Value,
Marital and civil partnership status: Married or in a registered civil partnership: In a registered civil partnership: Opposite sex; measures: Value,ts0020008,ts002,Marital and civil partnership status,Value,
Marital and civil partnership status: Married or in a registered civil partnership: In a registered civil partnership: Same sex; measures: Value,ts0020009,ts002,Marital and civil partnership status,Value,
"Marital and civil partnership status: Separated, but still legally married or still legally in a civil partnership; measures: Value",ts0020010,ts002,Marital and civil partnership status,Value,
"Marital and civil partnership status: Separated, but still legally married or still legally in a civil partnership: Separated, but still married; measures: Value",ts0020011,ts002,Marital and civil partnership status,Value,
"Marital and civil partnership status: Separated, but still legally married or still legally in a civil partnership: Separated, but still in a registered civil partnership; measures: Value",ts0020012,ts002,Marital and civil partnership status,Value,
Marital and civil partnership status: Divorced or civil partnership dissolved; measures: Value,ts0020013,ts002,Marital and civil partnership status,Value,
Marital and civil partnership status: Divorced or civil partnership dissolved: Divorced; measures: Value,ts0020014,ts002,Marital and civil partnership status,Value,
Marital and civil partnership status: Divorced or civil partnership dissolved: Formerly in a civil partnership now legally dissolved; measures: Value,ts0020015,ts002,Marital and civil partnership status,Value,
Marital and civil partnership status: Widowed or surviving civil partnership partner; measures: Value,ts0020016,ts002,Marital and civil partnership status,Value,
Marital and civil partnership status: Widowed or surviving civil partnership partner: Widowed; measures: Value,ts0020017,ts002,Marital and civil partnership status,Value,
Marital and civil partnership status: Widowed or surviving civil partnership partner: Surviving partner from civil partnership; measures: Value,ts0020018,ts002,Marital and civil partnership status,Value,
Multi religion household: Total,ts0750001,ts075,Multi religion household,,
Multi religion household: One-person household,ts0750002,ts075,Multi religion household,,
Multi religion household: Multi-person household: No people stated their religion,ts0750003,ts075,Multi religion household,,
Multi religion household: Multi-person household: Same religion (at least one person has stated a religion but the household may include people who did not state their religion),ts0750004,ts075,Multi religion household,,
Multi religion household: Multi-person household: No religion (household may include people who did not state their religion),ts0750005,ts075,Multi religion household,,
Multi religion household: Multi-person household: Same religion and no religion (household may include people who did not state their religion),ts0750006,ts075,Multi religion household,,
Multi religion household: Multi-person household: At least two different religions stated (household may include people with no religion and who did not state their religion),ts0750007,ts075,Multi religion household,,
Unemployment history: Total: All usual residents aged 16 years and over not in employment the week before the census,ts0650001,ts065,Unemployment history,,
Unemployment history: Not in employment: Worked in the last 12 months,ts0650002,ts065,Unemployment history,,
Unemployment history: Not in employment: Not worked in the last 12 months,ts0650003,ts065,Unemployment history,,
Unemployment history: Not in employment: Never worked,ts0650004,ts065,Unemployment history,,
Year of arrival in the UK: Total: All usual residents; measures: Value,ts0150001,ts015,Year of arrival in the UK,Value,
Year of arrival in the UK: Born in the UK; measures: Value,ts0150002,ts015,Year of arrival in the UK,Value,
Year of arrival in the UK: Arrived before 1951; measures: Value,ts0150003,ts015,Year of arrival in the UK,Value,
Year of arrival in the UK: Arrived 1951 to 1960; measures: Value,ts0150004,ts015,Year of arrival in the UK,Value,
Year of arrival in the UK: Arrived 1961 to 1970; measures: Value,ts0150005,ts015,Year of arrival in the UK,Value,
Year of arrival in the UK: Arrived 1971 to 1980; measures: Value,ts0150006,ts015,Year of arrival in the UK,Value,
Year of arrival in the UK: Arrived 1981 to 1990; measures: Value,ts0150007,ts015,Year of arrival in the UK,Value,
Year of arrival in the UK: Arrived 1991 to 2000; measures: Value,ts0150008,ts015,Year of arrival in the UK,Value,
Year of arrival in the UK: Arrived 2001 to 2010; measures: Value,ts0150009,ts015,Year of arrival in the UK,Value,
Year of arrival in the UK: Arrived 2011 to 2013; measures: Value,ts0150010,ts015,Year of arrival in the UK,Value,
Year of arrival in the UK: Arrived 2014 to 2016; measures: Value,ts0150011,ts015,Year of arrival in the UK,Value,
Year of arrival in the UK: Arrived 2017 to 2019; measures: Value,ts0150012,ts015,Year of arrival in the UK,Value,
Year of arrival in the UK: Arrived 2020 to 2021; measures: Value,ts0150013,ts015,Year of arrival in the UK,Value,
Schoolchild or full-time student indicator: Total: All usual residents aged 5 years and over,ts0680001,ts068,Schoolchild or full-time student indicator,,
Schoolchild or full-time student indicator: Student,ts0680002,ts068,Schoolchild or full-time student indicator,,
Schoolchild or full-time student indicator: Not a student,ts0680003,ts068,Schoolchild or full-time student indicator,,
Method of travel to workplace: Total: All usual residents aged 16 years and over in employment the week before the census,ts0610001,ts061,Method of travel to workplace,,
Method of travel to workplace: Work mainly at or from home,ts0610002,ts061,Method of travel to workplace,,
"Method of travel to workplace: Underground, metro, light rail, tram",ts0610003,ts061,Method of travel to workplace,,
Method of travel to workplace: Train,ts0610004,ts061,Method of travel to workplace,,
"Method of travel to workplace: Bus, minibus or coach",ts0610005,ts061,Method of travel to workplace,,
Method of travel to workplace: Taxi,ts0610006,ts061,Method of travel to workplace,,
"Method of travel to workplace: Motorcycle, scooter or moped",ts0610007,ts061,Method of travel to workplace,,
Method of travel to workplace: Driving a car or van,ts0610008,ts061,Method of travel to workplace,,
Method of travel to workplace: Passenger in a car or van,ts0610009,ts061,Method of travel to workplace,,
Method of travel to workplace: Bicycle,ts0610010,ts061,Method of travel to workplace,,
Method of travel to workplace: On foot,ts0610011,ts061,Method of travel to workplace,,
Method of travel to workplace: Other method of travel to work,ts0610012,ts061,Method of travel to workplace,,
Passports held: Total; measures: Value,ts0050001,ts005,Passports held,Value,
Passports held: Europe; measures: Value,ts0050002,ts005,Passports held,Value,
Passports held: Europe: United Kingdom; measures: Value,ts0050003,ts005,Passports held,Value,
Passports held: Europe: Ireland; measures: Value,ts0050004,ts005,Passports held,Value,
Passports held: Europe: Other Europe; measures: Value,ts0050005,ts005,Passports held,Value,
Passports held: Europe: Other Europe: EU Member countries; measures: Value,ts0050006,ts005,Passports held,Value,
Passports held: Europe: Other Europe: EU Member countries: France; measures: Value,ts0050007,ts005,Passports held,Value,
Passports held: Europe: Other Europe: EU Member countries: Germany; measures: Value,ts0050008,ts005,Passports held,Value,
Passports held: Europe: Other Europe: EU Member countries: Italy; measures: Value,ts0050009,ts005,Passports held,Value,
Passports held: Europe: Other Europe: EU Member countries: Portugal; measures: Value,ts0050010,ts005,Passports held,Value,
Passports held: Europe: Other Europe: EU Member countries: Spain; measures: Value,ts0050011,ts005,Passports held,Value,
Passports held: Europe: Other Europe: EU Member countries: Lithuania; measures: Value,ts0050012,ts005,Passports held,Value,
Passports held: Europe: Other Europe: EU Member countries: Poland; measures: Value,ts0050013,ts005,Passports held,Value,
Passports held: Europe: Other Europe: EU Member countries: Romania; measures: Value,ts0050014,ts005,Passports held,Value,
Passports held: Europe: Other Europe: EU Member countries: Other EU countries; measures: Value,ts0050015,ts005,Passports held,Value,
Passports held: Europe: Other Europe: Rest of Europe; measures: Value,ts0050016,ts005,Passports held,Value,
Passports held: Europe: Other Europe: Rest of Europe: Turkey; measures: Value,ts0050017,ts005,Passports held,Value,
Passports held: Europe: Other Europe: Rest of Europe: Other Europe; measures: Value,ts0050018,ts005,Passports held,Value,
Passports held: Africa; measures: Value,ts0050019,ts005,Passports held,Value,
Passports held: Africa: North Africa; measures: Value,ts0050020,ts005,Passports held,Value,
Passports held: Africa: Central and Western Africa; measures: Value,ts0050021,ts005,Passports held,Value,
Passports held: Africa: South and Eastern Africa; measures: Value,ts0050022,ts005,Passports held,Value,
Passports held: Middle East and Asia; measures: Value,ts0050023,ts005,Passports held,Value,
Passports held: Middle East and Asia: Middle East; measures: Value,ts0050024,ts005,Passports held,Value,
Passports held: Middle East and Asia: Eastern Asia; measures: Value,ts0050025,ts005,Passports held,Value,
Passports held: Middle East and Asia: Southern Asia; measures: Value,ts0050026,ts005,Passports held,Value,
Passports held: Middle East and Asia: South-East Asia; measures: Value,ts0050027,ts005,Passports held,Value,
Passports held: Middle East and Asia: Central Asia; measures: Value,ts0050028,ts005,Passports held,Value,
Passports held: The Americas and the Caribbean; measures: Value,ts0050029,ts005,Passports held,Value,
Passports held: The Americas and the Caribbean: North America and the Caribbean; measures: Value,ts0050030,ts005,Passports held,Value,
Passports held: The Americas and the Caribbean: Central and South America; measures: Value,ts0050031,ts005,Passports held,Value,
"Passports held: Antarctica and Oceania, including Australasia; measures: Value",ts0050032,ts005,Passports held,Value,
Passports held: British Overseas Territories; measures: Value,ts0050033,ts005,Passports held,Value,
Passports held: No passport held; measures: Value,ts0050034,ts005,Passports held,Value,
Welsh understanding ability: Total: All usual residents aged 3 years and over,ts0360001,ts036,Welsh understanding ability,,
Welsh understanding ability: Cannot understand spoken Welsh,ts0360002,ts036,Welsh understanding ability,,
Welsh understanding ability: Can understand spoken Welsh,ts0360003,ts036,Welsh understanding ability,,
Provision of unpaid care: Total: All usual residents aged 5 and over,ts0390001,ts039,Provision of unpaid care,,
Provision of unpaid care: Provides no unpaid care,ts0390002,ts039,Provision of unpaid care,,
Provision of unpaid care: Provides 19 hours or less unpaid care a week,ts0390003,ts039,Provision of unpaid care,,
Provision of unpaid care: Provides 9 hours or less unpaid care a week,ts0390004,ts039,Provision of unpaid care,,
Provision of unpaid care: Provides 10 to 19 hours unpaid care a week,ts0390005,ts039,Provision of unpaid care,,
Provision of unpaid care: Provides 20 to 49 hours unpaid care a week,ts0390006,ts039,Provision of unpaid care,,
Provision of unpaid care: Provides 20 to 34 hours unpaid care a week,ts0390007,ts039,Provision of unpaid care,,
Provision of unpaid care: Provides 35 to 49 hours unpaid care a week,ts0390008,ts039,Provision of unpaid care,,
Provision of unpaid care: Provides 50 or more hours unpaid care a week,ts0390009,ts039,Provision of unpaid care,,
Occupation (current): Total: All usual residents aged 16 years and over in employment the week before the census,ts0630001,ts063,Occupation (current),,
"Occupation (current): 1. Managers, directors and senior officials",ts0630002,ts063,Occupation (current),,
Occupation (current): 2. Professional occupations,ts0630003,ts063,Occupation (current),,
Occupation (current): 3. Associate professional and technical occupations,ts0630004,ts063,Occupation (current),,
Occupation (current): 4. Administrative and secretarial occupations,ts0630005,ts063,Occupation (current),,
Occupation (current): 5. Skilled trades occupations,ts0630006,ts063,Occupation (current),,
"Occupation (current): 6. Caring, leisure and other service occupations",ts0630007,ts063,Occupation (current),,
Occupation (current): 7. Sales and customer service occupations,ts0630008,ts063,Occupation (current),,
"Occupation (current): 8. Process, plant and machine operatives",ts0630009,ts063,Occupation (current),,
Occupation (current): 9. Elementary occupations,ts0630010,ts063,Occupation (current),,
Religion: Total: All usual residents,ts0300001,ts030,Religion,,
Religion: No religion,ts0300002,ts030,Religion,,
Religion: Christian,ts0300003,ts030,Religion,,
Religion: Buddhist,ts0300004,ts030,Religion,,
Religion: Hindu,ts0300005,ts030,Religion,,
Religion: Jewish,ts0300006,ts030,Religion,,
Religion: Muslim,ts0300007,ts030,Religion,,
Religion: Sikh,ts0300008,ts030,Religion,,
Religion: Other religion,ts0300009,ts030,Religion,,
Religion: Not answered,ts0300010,ts030,Religion,,
Sex: All persons; measures: Value,ts0080001,ts008,Sex,Value,
Sex: Female; measures: Value,ts0080002,ts008,Sex,Value,
Sex: Male; measures: Value,ts0080003,ts008,Sex,Value,
Welsh writing ability: Total: All usual residents aged 3 years and over,ts0340001,ts034,Welsh writing ability,,
Welsh writing ability: Cannot write Welsh,ts0340002,ts034,Welsh writing ability,,
Welsh writing ability: Can write Welsh,ts0340003,ts034,Welsh writing ability,,
Highest level of qualification: Total: All usual residents aged 16 years and over,ts0670001,ts067,Highest level of qualification,,
Highest level of qualification: No qualifications,ts0670002,ts067,Highest level of qualification,,
Highest level of qualification: Level 1 and entry level qualifications,ts0670003,ts067,Highest level of qualification,,
Highest level of qualification: Level 2 qualifications,ts0670004,ts067,Highest level of qualification,,
Highest level of qualification: Apprenticeship,ts0670005,ts067,Highest level of qualification,,
Highest level of qualification: Level 3 qualifications,ts0670006,ts067,Highest level of qualification,,
Highest level of qualification: Level 4 qualifications and above,ts0670007,ts067,Highest level of qualification,,
Highest level of qualification: Other qualifications,ts0670008,ts067,Highest level of qualification,,
Number of cars or vans: Total: All households,ts0450001,ts045,Number of cars or vans,,
Number of cars or vans: No cars or vans in household,ts0450002,ts045,Number of cars or vans,,
Number of cars or vans: 1 car or van in household,ts0450003,ts045,Number of cars or vans,,
Number of cars or vans: 2 cars or vans in household,ts0450004,ts045,Number of cars or vans,,
Number of cars or vans: 3 or more cars or vans in household,ts0450005,ts045,Number of cars or vans,,
Second address type: Total: All usual residents,ts0550001,ts055,Second address type,,
Second address type: Armed forces base address,ts0550002,ts055,Second address type,,
Second address type: Another address when working away from home,ts0550003,ts055,Second address type,,
Second address type: Holiday home,ts0550004,ts055,Second address type,,
Second address type: Student's term-time address,ts0550005,ts055,Second address type,,
Second address type: Student's home address,ts0550006,ts055,Second address type,,
Second address type: Another parent or guardian's address,ts0550007,ts055,Second address type,,
Second address type: Partner's address,ts0550008,ts055,Second address type,,
Second address type: Other,ts0550009,ts055,Second address type,,
Second address type: Second address type not specified,ts0550010,ts055,Second address type,,
Population Density: Persons per square kilometre; measures: Value,ts0060001,ts006,Population Density,Value,
Second address indicator: Total: All usual residents,ts0560001,ts056,Second address indicator,,
Second address indicator: No second address,ts0560002,ts056,Second address indicator,,
Second address indicator: Second address is in the UK,ts0560003,ts056,Second address indicator,,
Second address indicator: Second address is outside the UK,ts0560004,ts056,Second address indicator,,
Country of birth: Total; measures: Value,ts0040001,ts004,Country of birth,Value,
Country of birth: Europe; measures: Value,ts0040002,ts004,Country of birth,Value,
Country of birth: Europe: United Kingdom; measures: Value,ts0040003,ts004,Country of birth,Value,
Country of birth: Europe: EU countries; measures: Value,ts0040004,ts004,Country of birth,Value,
Country of birth: Europe: EU countries: European Union EU14; measures: Value,ts0040005,ts004,Country of birth,Value,
Country of birth: Europe: EU countries: European Union EU8; measures: Value,ts0040006,ts004,Country of birth,Value,
Country of birth: Europe: EU countries: European Union EU2; measures: Value,ts0040007,ts004,Country of birth,Value,
Country of birth: Europe: EU countries: All other EU countries; measures: Value,ts0040008,ts004,Country of birth,Value,
Country of birth: Europe: Non-EU countries; measures: Value,ts0040009,ts004,Country of birth,Value,
Country of birth: Europe: Non-EU countries: All other non-EU countries; measures: Value,ts0040010,ts004,Country of birth,Value,
Country of birth: Africa; measures: Value,ts0040011,ts004,Country of birth,Value,
Country of birth: Middle East and Asia; measures: Value,ts0040012,ts004,Country of birth,Value,
Country of birth: The Americas and the Caribbean; measures: Value,ts0040013,ts004,Country of birth,Value,
Country of birth: Antarctica and Oceania (including Australasia) and Other; measures: Value,ts0040014,ts004,Country of birth,Value,
Country of birth: British Overseas ; measures: Value,ts0040015,ts004,Country of birth,Value,
National Statistics Socio-economic Classification (NS-SEC): Total: All usual residents aged 16 years and over,ts0620001,ts062,National Statistics Socio-economic Classification (NS-SEC),,
"National Statistics Socio-economic Classification (NS-SEC): L1, L2 and L3 Higher managerial, administrative and professional occupations",ts0620002,ts062,National Statistics Socio-economic Classification (NS-SEC),,
"National Statistics Socio-economic Classification (NS-SEC): L4, L5 and L6 Lower managerial, administrative and professional occupations",ts0620003,ts062,National Statistics Socio-economic Classification (NS-SEC),,
National Statistics Socio-economic Classification (NS-SEC): L7 Intermediate occupations,ts0620004,ts062,National Statistics Socio-economic Classification (NS-SEC),,
National Statistics Socio-economic Classification (NS-SEC): L8 and L9 Small employers and own account workers,ts0620005,ts062,National Statistics Socio-economic Classification (NS-SEC),,
National Statistics Socio-economic Classification (NS-SEC): L10 and L11 Lower supervisory and technical occupations,ts0620006,ts062,National Statistics Socio-economic Classification (NS-SEC),,
National Statistics Socio-economic Classification (NS-SEC): L12 Semi-routine occupations,ts0620007,ts062,National Statistics Socio-economic Classification (NS-SEC),,
National Statistics Socio-economic Classification (NS-SEC): L13 Routine occupations,ts0620008,ts062,National Statistics Socio-economic Classification (NS-SEC),,
National Statistics Socio-economic Classification (NS-SEC): L14.1 and L14.2 Never worked and long-term unemployed,ts0620009,ts062,National Statistics Socio-economic Classification (NS-SEC),,
National Statistics Socio-economic Classification (NS-SEC): L15 Full-time students,ts0620010,ts062,National Statistics Socio-economic Classification (NS-SEC),,
Welsh reading ability: Total: All usual residents aged 3 years and over,ts0350001,ts035,Welsh reading ability,,
Welsh reading ability: Cannot read Welsh,ts0350002,ts035,Welsh reading ability,,
Welsh reading ability: Can read Welsh,ts0350003,ts035,Welsh reading ability,,
Household size: Total: All household spaces; measures: Value,ts0170001,ts017,Household size,Value,
Household size: 0 people in household; measures: Value,ts0170002,ts017,Household size,Value,
Household size: 1 person in household; measures: Value,ts0170003,ts017,Household size,Value,
Household size: 2 people in household; measures: Value,ts0170004,ts017,Household size,Value,
Household size: 3 people in household; measures: Value,ts0170005,ts017,Household size,Value,
Household size: 4 people in household; measures: Value,ts0170006,ts017,Household size,Value,
Household size: 5 people in household; measures: Value,ts0170007,ts017,Household size,Value,
Household size: 6 people in household; measures: Value,ts0170008,ts017,Household size,Value,
Household size: 7 people in household; measures: Value,ts0170009,ts017,Household size,Value,
Household size: 8 or more people in household; measures: Value,ts0170010,ts017,Household size,Value,
Household deprivation: Total: All households; measures: Value,ts0110001,ts011,Household deprivation,Value,
Household deprivation: Household is not deprived in any dimension; measures: Value,ts0110002,ts011,Household deprivation,Value,
Household deprivation: Household is deprived in one dimension; measures: Value,ts0110003,ts011,Household deprivation,Value,
Household deprivation: Household is deprived in two dimensions; measures: Value,ts0110004,ts011,Household deprivation,Value,
Household deprivation: Household is deprived in three dimensions; measures: Value,ts0110005,ts011,Household deprivation,Value,
Household deprivation: Household is deprived in four dimensions; measures: Value,ts0110006,ts011,Household deprivation,Value,
Ethnic group: Total: All usual residents,ts0210001,ts021,Ethnic group,,
"Ethnic group: Asian, Asian British or Asian Welsh",ts0210002,ts021,Ethnic group,,
"Ethnic group: Asian, Asian British or Asian Welsh: Bangladeshi",ts0210003,ts021,Ethnic group,,
"Ethnic group: Asian, Asian British or Asian Welsh: Chinese",ts0210004,ts021,Ethnic group,,
"Ethnic group: Asian, Asian British or Asian Welsh: Indian",ts0210005,ts021,Ethnic group,,
"Ethnic group: Asian, Asian British or Asian Welsh: Pakistani",ts0210006,ts021,Ethnic group,,
"Ethnic group: Asian, Asian British or Asian Welsh: Other Asian",ts0210007,ts021,Ethnic group,,
"Ethnic group: Black, Black British, Black Welsh, Caribbean or African",ts0210008,ts021,Ethnic group,,
"Ethnic group: Black, Black British, Black Welsh, Caribbean or African: African",ts0210009,ts021,Ethnic group,,
"Ethnic group: Black, Black British, Black Welsh, Caribbean or African: Caribbean",ts0210010,ts021,Ethnic group,,
"Ethnic group: Black, Black British, Black Welsh, Caribbean or African: Other Black",ts0210011,ts021,Ethnic group,,
Ethnic group: Mixed or Multiple ethnic groups,ts0210012,ts021,Ethnic group,,
Ethnic group: Mixed or Multiple ethnic groups: White and Asian,ts0210013,ts021,Ethnic group,,
Ethnic group: Mixed or Multiple ethnic groups: White and Black African,ts0210014,ts021,Ethnic group,,
Ethnic group: Mixed or Multiple ethnic groups: White and Black Caribbean,ts0210015,ts021,Ethnic group,,
Ethnic group: Mixed or Multiple ethnic groups: Other Mixed or Multiple ethnic groups,ts0210016,ts021,Ethnic group,,
Ethnic group: White,ts0210017,ts021,Ethnic group,,
"Ethnic group: White: English, Welsh, Scottish, Northern Irish or British",ts0210018,ts021,Ethnic group,,
Ethnic group: White: Irish,ts0210019,ts021,Ethnic group,,
Ethnic group: White: Gypsy or Irish Traveller,ts0210020,ts021,Ethnic group,,
Ethnic group: White: Roma,ts0210021,ts021,Ethnic group,,
Ethnic group: White: Other White,ts0210022,ts021,Ethnic group,,
Ethnic group: Other ethnic group,ts0210023,ts021,Ethnic group,,
Ethnic group: Other ethnic group: Arab,ts0210024,ts021,Ethnic group,,
Ethnic group: Other ethnic group: Any other ethnic group,ts0210025,ts021,Ethnic group,,
Occupancy rating for bedrooms: Total: All households,ts0520001,ts052,Occupancy rating for bedrooms,,
Occupancy rating for bedrooms: Occupancy rating of bedrooms: +2 or more,ts0520002,ts052,Occupancy rating for bedrooms,,
Occupancy rating for bedrooms: Occupancy rating of bedrooms: +1,ts0520003,ts052,Occupancy rating for bedrooms,,
Occupancy rating for bedrooms: Occupancy rating of bedrooms: 0,ts0520004,ts052,Occupancy rating for bedrooms,,
Occupancy rating for bedrooms: Occupancy rating of bedrooms: -1,ts0520005,ts052,Occupancy rating for bedrooms,,
Occupancy rating for bedrooms: Occupancy rating of bedrooms: -2 or less,ts0520006,ts052,Occupancy rating for bedrooms,,
Number of bedrooms: Total: All households,ts0500001,ts050,Number of bedrooms,,
Number of bedrooms: 1 bedroom,ts0500002,ts050,Number of bedrooms,,
Number of bedrooms: 2 bedrooms,ts0500003,ts050,Number of bedrooms,,
Number of bedrooms: 3 bedrooms,ts0500004,ts050,Number of bedrooms,,
Number of bedrooms: 4 or more bedrooms,ts0500005,ts050,Number of bedrooms,,
Economic activity status: Total: All usual residents aged 16 years and over,ts0660001,ts066,Economic activity status,,
Economic activity status: Economically active (excluding full-time students),ts0660002,ts066,Economic activity status,,
Economic activity status: Economically active (excluding full-time students):In employment,ts0660003,ts066,Economic activity status,,
Economic activity status: Economically active (excluding full-time students):In employment:Employee,ts0660004,ts066,Economic activity status,,
Economic activity status: Economically active (excluding full-time students): In employment: Employee: Part-time,ts0660005,ts066,Economic activity status,,
Economic activity status: Economically active (excluding full-time students): In employment: Employee: Full-time,ts0660006,ts066,Economic activity status,,
Economic activity status: Economically active (excluding full-time students):In employment:Self-employed with employees,ts0660007,ts066,Economic activity status,,
Economic activity status: Economically active (excluding full-time students): In employment: Self-employed with employees: Part-time,ts0660008,ts066,Economic activity status,,
Economic activity status: Economically active (excluding full-time students): In employment: Self-employed with employees: Full-time,ts0660009,ts066,Economic activity status,,
Economic activity status: Economically active (excluding full-time students):In employment:Self-employed without employees,ts0660010,ts066,Economic activity status,,
Economic activity status: Economically active (excluding full-time students): In employment: Self-employed without employees: Part-time,ts0660011,ts066,Economic activity status,,
Economic activity status: Economically active (excluding full-time students): In employment: Self-employed without employees: Full-time,ts0660012,ts066,Economic activity status,,
Economic activity status: Economically active (excluding full-time students): Unemployed,ts0660013,ts066,Economic activity status,,
Economic activity status: Economically active and a full-time student,ts0660014,ts066,Economic activity status,,
Economic activity status: Economically active and a full-time student:In employment,ts0660015,ts066,Economic activity status,,
Economic activity status: Economically active and a full-time student:In employment:Employee,ts0660016,ts066,Economic activity status,,
Economic activity status: Economically active and a full-time student: In employment: Employee: Part-time,ts0660017,ts066,Economic activity status,,
Economic activity status: Economically active and a full-time student: In employment: Employee: Full-time,ts0660018,ts066,Economic activity status,,
Economic activity status: Economically active and a full-time student:In employment:Self-employed with employees,ts0660019,ts066,Economic activity status,,
Economic activity status: Economically active and a full-time student: In employment: Self-employed with employees: Part-time,ts0660020,ts066,Economic activity status,,
Economic activity status: Economically active and a full-time student: In employment: Self-employed with employees: Full-time,ts0660021,ts066,Economic activity status,,
Economic activity status: Economically active and a full-time student:In employment:Self-employed without employees,ts0660022,ts066,Economic activity status,,
Economic activity status: Economically active and a full-time student: In employment: Self-employed without employees: Part-time,ts0660023,ts066,Economic activity status,,
Economic activity status: Economically active and a full-time student: In employment: Self-employed without employees: Full-time,ts0660024,ts066,Economic activity status,,
Economic activity status: Economically active and a full-time student: Unemployed,ts0660025,ts066,Economic activity status,,
Economic activity status: Economically inactive,ts0660026,ts066,Economic activity status,,
Economic activity status: Economically inactive: Retired,ts0660027,ts066,Economic activity status,,
Economic activity status: Economically inactive: Student,ts0660028,ts066,Economic activity status,,
Economic activity status: Economically inactive: Looking after home or family,ts0660029,ts066,Economic activity status,,
Economic activity status: Economically inactive: Long-term sick or disabled,ts0660030,ts066,Economic activity status,,
Economic activity status: Economically inactive: Other,ts0660031,ts066,Economic activity status,,
Tenure of household: Total: All households,ts0540001,ts054,Tenure of household,,
Tenure of household: Owned,ts0540002,ts054,Tenure of household,,
Tenure of household: Owned: Owns outright,ts0540003,ts054,Tenure of household,,
Tenure of household: Owned: Owns with a mortgage or loan,ts0540004,ts054,Tenure of household,,
Tenure of household: Shared ownership,ts0540005,ts054,Tenure of household,,
Tenure of household: Shared ownership: Shared ownership,ts0540006,ts054,Tenure of household,,
Tenure of household: Social rented,ts0540007,ts054,Tenure of household,,
Tenure of household: Social rented: Rents from council or Local Authority,ts0540008,ts054,Tenure of household,,
Tenure of household: Social rented: Other social rented,ts0540009,ts054,Tenure of household,,
Tenure of household: Private rented,ts0540010,ts054,Tenure of household,,
Tenure of household: Private rented: Private landlord or letting agency,ts0540011,ts054,Tenure of household,,
Tenure of household: Private rented: Other private rented,ts0540012,ts054,Tenure of household,,
Tenure of household: Lives rent free,ts0540013,ts054,Tenure of household,,
Accommodation type: Total: All households,ts0440001,ts044,Accommodation type,,
Accommodation type: Detached,ts0440002,ts044,Accommodation type,,
Accommodation type: Semi-detached,ts0440003,ts044,Accommodation type,,
Accommodation type: Terraced,ts0440004,ts044,Accommodation type,,
Accommodation type: In a purpose-built block of flats or tenement,ts0440005,ts044,Accommodation type,,
"Accommodation type: Part of a converted or shared house, including bedsits",ts0440006,ts044,Accommodation type,,
"Accommodation type: Part of another converted building, for example, former school, church or warehouse",ts0440007,ts044,Accommodation type,,
"Accommodation type: In a commercial building, for example, in an office building, hotel or over a shop",ts0440008,ts044,Accommodation type,,
Accommodation type: A caravan or other mobile or temporary structure,ts0440009,ts044,Accommodation type,,
Multiple ethnic groups in household: Total: All households,ts0230001,ts023,Multiple ethnic groups in household,,
Multiple ethnic groups in household: One-person household,ts0230002,ts023,Multiple ethnic groups in household,,
Multiple ethnic groups in household: All household members have the same ethnic group,ts0230003,ts023,Multiple ethnic groups in household,,
Multiple ethnic groups in household: Ethnic groups differ between generations but not within partnerships,ts0230004,ts023,Multiple ethnic groups in household,,
Multiple ethnic groups in household: Ethnic groups differ within partnerships,ts0230005,ts023,Multiple ethnic groups in household,,
Multiple ethnic groups in household: Any other combination of multiple ethnic identities,ts0230006,ts023,Multiple ethnic groups in household,,
Age: Total,ts007a0001,ts007a,Age,,
Age: Aged 4 years and under,ts007a0002,ts007a,Age,,
Age: Aged 5 to 9 years,ts007a0003,ts007a,Age,,
Age: Aged 10 to 14 years,ts007a0004,ts007a,Age,,
Age: Aged 15 to 19 years,ts007a0005,ts007a,Age,,
Age: Aged 20 to 24 years,ts007a0006,ts007a,Age,,
Age: Aged 25 to 29 years,ts007a0007,ts007a,Age,,
Age: Aged 30 to 34 years,ts007a0008,ts007a,Age,,
Age: Aged 35 to 39 years,ts007a0009,ts007a,Age,,
Age: Aged 40 to 44 years,ts007a0010,ts007a,Age,,
Age: Aged 45 to 49 years,ts007a0011,ts007a,Age,,
Age: Aged 50 to 54 years,ts007a0012,ts007a,Age,,
Age: Aged 55 to 59 years,ts007a0013,ts007a,Age,,
Age: Aged 60 to 64 years,ts007a0014,ts007a,Age,,
Age: Aged 65 to 69 years,ts007a0015,ts007a,Age,,
Age: Aged 70 to 74 years,ts007a0016,ts007a,Age,,
Age: Aged 75 to 79 years,ts007a0017,ts007a,Age,,
Age: Aged 80 to 84 years,ts007a0018,ts007a,Age,,
Age: Aged 85 years and over,ts007a0019,ts007a,Age,,
Welsh language skills: Total: All usual residents aged 3 years and over,ts0320001,ts032,Welsh language skills,,
Welsh language skills: Can understand spoken Welsh only,ts0320002,ts032,Welsh language skills,,
"Welsh language skills: Can speak, read and write Welsh",ts0320003,ts032,Welsh language skills,,
Welsh language skills: Can speak but cannot read or write Welsh,ts0320004,ts032,Welsh language skills,,
Welsh language skills: Can speak and read but cannot write Welsh,ts0320005,ts032,Welsh language skills,,
Welsh language skills: Can read but cannot speak or write Welsh,ts0320006,ts032,Welsh language skills,,
Welsh language skills: Can write but cannot speak or read Welsh,ts0320007,ts032,Welsh language skills,,
Welsh language skills: Can read and write but cannot speak Welsh,ts0320008,ts032,Welsh language skills,,
Welsh language skills: Can speak and other combinations of skills in Welsh,ts0320009,ts032,Welsh language skills,,
Welsh language skills: No skills in Welsh,ts0320010,ts032,Welsh language skills,,
Residence type: Total; measures: Value,ts0010001,ts001,Residence type,Value,
Residence type: Lives in a household; measures: Value,ts0010002,ts001,Residence type,Value,
Residence type: Lives in a communal establishment; measures: Value,ts0010003,ts001,Residence type,Value,
Proficiency in English language: Total: All usual residents aged 3 years and over,ts0290001,ts029,Proficiency in English language,,
Proficiency in English language: Main language is English (English or Welsh in Wales),ts0290002,ts029,Proficiency in English language,,
Proficiency in English language: Main language is not English (English or Welsh in Wales),ts0290003,ts029,Proficiency in English language,,
Proficiency in English language: Main language is not English (English or Welsh in Wales): Can speak English very well,ts0290004,ts029,Proficiency in English language,,
Proficiency in English language: Main language is not English (English or Welsh in Wales): Can speak English well,ts0290005,ts029,Proficiency in English language,,
Proficiency in English language: Main language is not English (English or Welsh in Wales): Cannot speak English well,ts0290006,ts029,Proficiency in English language,,
Proficiency in English language: Main language is not English (English or Welsh in Wales): Cannot speak English,ts0290007,ts029,Proficiency in English language,,
Age of arrival in the UK: Total: All usual residents; measures: Value,ts0180001,ts018,Age of arrival in the UK,Value,
Age of arrival in the UK: Born in the UK; measures: Value,ts0180002,ts018,Age of arrival in the UK,Value,
Age of arrival in the UK: Arrived in the UK; measures: Value,ts0180003,ts018,Age of arrival in the UK,Value,
Age of arrival in the UK: Arrived in the UK: Aged 0 to 4 years; measures: Value,ts0180004,ts018,Age of arrival in the UK,Value,
Age of arrival in the UK: Arrived in the UK: Aged 5 to 7 years; measures: Value,ts0180005,ts018,Age of arrival in the UK,Value,
Age of arrival in the UK: Arrived in the UK: Aged 8 to 9 years; measures: Value,ts0180006,ts018,Age of arrival in the UK,Value,
Age of arrival in the UK: Arrived in the UK: Aged 10 to 14 years; measures: Value,ts0180007,ts018,Age of arrival in the UK,Value,
Age of arrival in the UK: Arrived in the UK: Aged 15 years; measures: Value,ts0180008,ts018,Age of arrival in the UK,Value,
Age of arrival in the UK: Arrived in the UK: Aged 16 to 17 years; measures: Value,ts0180009,ts018,Age of arrival in the UK,Value,
Age of arrival in the UK: Arrived in the UK: Aged 18 to 19 years; measures: Value,ts0180010,ts018,Age of arrival in the UK,Value,
Age of arrival in the UK: Arrived in the UK: Aged 20 to 24 years; measures: Value,ts0180011,ts018,Age of arrival in the UK,Value,
Age of arrival in the UK: Arrived in the UK: Aged 25 to 29 years; measures: Value,ts0180012,ts018,Age of arrival in the UK,Value,
Age of arrival in the UK: Arrived in the UK: Aged 30 to 44 years; measures: Value,ts0180013,ts018,Age of arrival in the UK,Value,
Age of arrival in the UK: Arrived in the UK: Aged 45 to 59 years; measures: Value,ts0180014,ts018,Age of arrival in the UK,Value,
Age of arrival in the UK: Arrived in the UK: Aged 60 to 64 years; measures: Value,ts0180015,ts018,Age of arrival in the UK,Value,
Age of arrival in the UK: Arrived in the UK: Aged 65 to 74 years; measures: Value,ts0180016,ts018,Age of arrival in the UK,Value,
Age of arrival in the UK: Arrived in the UK: Aged 75 to 84 years; measures: Value,ts0180017,ts018,Age of arrival in the UK,Value,
Age of arrival in the UK: Arrived in the UK: Aged 85 to 89 years; measures: Value,ts0180018,ts018,Age of arrival in the UK,Value,
Age of arrival in the UK: Arrived in the UK: Aged 90 years and over; measures: Value,ts0180019,ts018,Age of arrival in the UK,Value,
Multiple main languages in household: Total: All households,ts0260001,ts026,Multiple main languages in household,,
Multiple main languages in household: One-person household,ts0260002,ts026,Multiple main languages in household,,
Multiple main languages in household: All household members have the same main language,ts0260003,ts026,Multiple main languages in household,,
"Multiple main languages in household: Main language differs between generations, but not within partnerships",ts0260004,ts026,Multiple main languages in household,,
Multiple main languages in household: Main language differs within partnerships,ts0260005,ts026,Multiple main languages in household,,
Multiple main languages in household: Any other combination of multiple main languages,ts0260006,ts026,Multiple main languages in household,,
Hours worked: Total: All usual residents aged 16 years and over in employment the week before the census,ts0590001,ts059,Hours worked,,
Hours worked: Part-time,ts0590002,ts059,Hours worked,,
Hours worked: Part-time: 15 hours or less worked,ts0590003,ts059,Hours worked,,
Hours worked: Part-time: 16 to 30 hours worked,ts0590004,ts059,Hours worked,,
Hours worked: Full-time,ts0590005,ts059,Hours worked,,
Hours worked: Full-time: 31 to 48 hours worked,ts0590006,ts059,Hours worked,,
Hours worked: Full-time: 49 or more hours worked,ts0590007,ts059,Hours worked,,
Number of households: Number of households; measures: Value,ts0410001,ts041,Number of households,Value,
Occupancy rating for rooms: Total: All households,ts0530001,ts053,Occupancy rating for rooms,,
Occupancy rating for rooms: Occupancy rating of rooms: +2 or more,ts0530002,ts053,Occupancy rating for rooms,,
Occupancy rating for rooms: Occupancy rating of rooms: +1,ts0530003,ts053,Occupancy rating for rooms,,
Occupancy rating for rooms: Occupancy rating of rooms: 0,ts0530004,ts053,Occupancy rating for rooms,,
Occupancy rating for rooms: Occupancy rating of rooms: -1,ts0530005,ts053,Occupancy rating for rooms,,
Occupancy rating for rooms: Occupancy rating of rooms: -2 or less,ts0530006,ts053,Occupancy rating for rooms,,
Migrant indicator: Total: All usual residents; measures: Value,ts0190001,ts019,Migrant indicator,Value,
Migrant indicator: Address one year ago is the same as the address of enumeration; measures: Value,ts0190002,ts019,Migrant indicator,Value,
Migrant indicator: Address one year ago is student term-time or boarding school address in the UK; measures: Value,ts0190003,ts019,Migrant indicator,Value,
Migrant indicator: Migrant from within the UK: Address one year ago was in the UK; measures: Value,ts0190004,ts019,Migrant indicator,Value,
Migrant indicator: Migrant from outside the UK: Address one year ago was outside the UK; measures: Value,ts0190005,ts019,Migrant indicator,Value,
Distance travelled to work: Total: All usual residents aged 16 years and over in employment the week before the census,ts0580001,ts058,Distance travelled to work,,
Distance travelled to work: Less than 2km,ts0580002,ts058,Distance travelled to work,,
Distance travelled to work: 2km to less than 5km,ts0580003,ts058,Distance travelled to work,,
Distance travelled to work: 5km to less than 10km,ts0580004,ts058,Distance travelled to work,,
Distance travelled to work: 10km to less than 20km,ts0580005,ts058,Distance travelled to work,,
Distance travelled to work: 20km to less than 30km,ts0580006,ts058,Distance travelled to work,,
Distance travelled to work: 30km to less than 40km,ts0580007,ts058,Distance travelled to work,,
Distance travelled to work: 40km to less than 60km,ts0580008,ts058,Distance travelled to work,,
Distance travelled to work: 60km and over,ts0580009,ts058,Distance travelled to work,,
Distance travelled to work: Works mainly from home,ts0580010,ts058,Distance travelled to work,,
"Distance travelled to work: Works mainly at an offshore installation, in no fixed place, or outside the UK",ts0580011,ts058,Distance travelled to work,,
