variable_name,variable_code,table_ID,table_name,country,new_code,domain
Lives in a communal establishment,ts0010003,TS001,Residency type,ew,v01,Demography and Migration
Never married and never registered a civil partnership,ts0020002,TS002,Legal partnership status,ew,v02,Demography and Migration
Married or in a registered civil partnership,ts0020003,TS002,Legal partnership status,ew,v03,Demography and Migration
Separated or divorced,separated_divorced,TS002,Legal partnership status,ew,v04,Demography and Migration
One-person household,ts0030002,TS003,Household composition,ew,v05,Demography and Migration
Families with no children,no_children,TS003,Household composition,ew,v06,Demography and Migration
Families dependent children,dependant_children,TS003,Household composition,ew,v07,Demography and Migration
Europe: United Kingdom,ts0040003,TS004,Country of birth,ew,v08,Demography and Migration
Europe: EU countries,ts0040004,TS004,Country of birth,ew,v09,Demography and Migration
Europe: Non-EU countries,ts0040009,TS004,Country of birth,ew,v10,Demography and Migration
Africa,ts0040011,TS004,Country of birth,ew,v11,Demography and Migration
Usual residents per square kilometre,ts0060001,TS006,Population density,ew,v12,Demography and Migration
Aged 4 years and under,ts007a0002,TS007A,Age structure,ew,v13,Demography and Migration
Aged 5 to 14,age_5_14,TS007A,Age structure,ew,v14,Demography and Migration
Aged 25 to 44,age_25_44,TS007A,Age structure,ew,v15,Demography and Migration
Aged 45 to 64,age_45_64,TS007A,Age structure,ew,v16,Demography and Migration
Aged 65 to 84,age_65_84,TS007A,Age structure,ew,v17,Demography and Migration
Aged 85 years and over,ts007a0019,TS007A,Age structure,ew,v18,Demography and Migration
Address one year ago is the same as the address of enumeration,ts0190002,TS019,Migrant Indicator,ew,v19,Demography and Migration
Bangladeshi,ts0210003,TS021,Ethnic group,ew,v20,"Ethnicity, Identity, Language and Religion"
Chinese,ts0210004,TS021,Ethnic group,ew,v21,"Ethnicity, Identity, Language and Religion"
Indian,ts0210005,TS021,Ethnic group,ew,v22,"Ethnicity, Identity, Language and Religion"
Pakistani,ts0210006,TS021,Ethnic group,ew,v23,"Ethnicity, Identity, Language and Religion"
Other Asian,ts0210007,TS021,Ethnic group,ew,v24,"Ethnicity, Identity, Language and Religion"
Black,ts0210008,TS021,Ethnic group,ew,v25,"Ethnicity, Identity, Language and Religion"
Mixed or Multiple ethnic groups,ts0210012,TS021,Ethnic group,ew,v26,"Ethnicity, Identity, Language and Religion"
White,ts0210017,TS021,Ethnic group,ew,v27,"Ethnicity, Identity, Language and Religion"
All household members have the same ethnic group,ts0230003,TS023,Multiple ethnic group,ew,v28,"Ethnicity, Identity, Language and Religion"
Cannot speak English well or at all,cannot_speak_English,TS029,Proficiency in English,ew,v29,"Ethnicity, Identity, Language and Religion"
No religion,ts0300002,TS030,Religion,ew,v30,"Ethnicity, Identity, Language and Religion"
Christian,ts0300003,TS030,Religion,ew,v31,"Ethnicity, Identity, Language and Religion"
Other religion,ts0300009,TS030,Religion,ew,v32,"Ethnicity, Identity, Language and Religion"
Standardised Illness Ratio,SIR,SIR,Disability,ew,v33,"Health, Disability and Unpaid Care"
Provides unpaid care,provides_unpaid_care,TS039,Provision of unpaid care,ew,v34,"Health, Disability and Unpaid Care"
Detached,ts0440002,TS044,Accommodation type,ew,v35,Housing
Semi-detached,ts0440003,TS044,Accommodation type,ew,v36,Housing
Terraced (including end-terrace),ts0440004,TS044,Accommodation type,ew,v37,Housing
Lives in a flat,flat,TS044,Accommodation type,ew,v38,Housing
Two or more cars or vans,cars_2_or_more,TS045,Car or van availability,ew,v39,Housing
Under occupation,under_occupation,TS053,Occupancy rating for rooms,ew,v40,Housing
Overcrowding,overcrowding,TS053,Occupancy rating for rooms,ew,v41,Housing
Social rented,ts0540007,TS054,Tenure,ew,v42,Housing
Private rented,ts0540010,TS054,Tenure,ew,v43,Housing
Ownership or shared ownership,ownership_or_shared,TS054,Tenure,ew,v44,Housing
Part-time,ts0590002,TS059,Hours worked,ew,v45,Labour Market
Full-time,ts0590005,TS059,Hours worked,ew,v46,Labour Market
L15 Full-time students,ts0620010,TS062,NS-SeC,ew,v47,Labour Market
1. Managers directors and senior officials,ts0630002,TS063,Occupation,ew,v48,Labour Market
2. Professional occupations,ts0630003,TS063,Occupation,ew,v49,Labour Market
3. Associate professional and technical occupations,ts0630004,TS063,Occupation,ew,v50,Labour Market
4. Administrative and secretarial occupations,ts0630005,TS063,Occupation,ew,v51,Labour Market
5. Skilled trades occupations,ts0630006,TS063,Occupation,ew,v52,Labour Market
6. Caring leisure and other service occupations,ts0630007,TS063,Occupation,ew,v53,Labour Market
7. Sales and customer service occupations,ts0630008,TS063,Occupation,ew,v54,Labour Market
8. Process plant and machine operatives,ts0630009,TS063,Occupation,ew,v55,Labour Market
9. Elementary occupations,ts0630010,TS063,Occupation,ew,v56,Labour Market
Economically active: Unemployed,ts0660013,TS066,Economic activity status,ew,v57,Labour Market
Level 1 Level 2 or Apprenticeship,level_1_2_and_appr,TS067,Highest level of qualification,ew,v58,Education
Level 3 qualifications,ts0670006,TS067,Highest level of qualification,ew,v59,Education
Level 4 qualifications or above,ts0670007,TS067,Highest level of qualification,ew,v60,Education
Lives in a communal establishment,ni1920003,ni192,Residence Type,ni,v01,Demography and Migration
Never married and never registered a civil partnership,ni1370002,ni137,Marital and Civil Partnership Status,ni,v02,Demography and Migration
Married or in a registered civil partnership,ni1380002,ni138,Marital and Civil Partnership Status - 3 Categories,ni,v03,Demography and Migration
Separated or divorced,separated_divorced,ni137,Marital and Civil Partnership Status,ni,v04,Demography and Migration
One-person household,ni2500002,ni250,Household Composition - 3 Categories,ni,v05,Demography and Migration
Families with no children,ni2520004,ni252,Household Composition - 9 Categories,ni,v06,Demography and Migration
Families dependent children,ni2390003,ni239,Dependent Children (Household) - 2 Categories,ni,v07,Demography and Migration
Europe: United Kingdom,united_kingdom,ni033,Country of Birth - 9 Categories,ni,v08,Demography and Migration
Europe: EU countries,eu_countries,ni033,Country of Birth - 9 Categories,ni,v09,Demography and Migration
Europe: Non-EU countries,ni0330006,ni033,Country of Birth - 9 Categories,ni,v10,Demography and Migration
Africa,ni0330007,ni033,Country of Birth - 9 Categories,ni,v11,Demography and Migration
Population density (number of usual residents per hectare),population_density,census-2021-ms-a14-LGD,Population density,ni,v12,Demography and Migration
Aged 4 years and under,ni0120002,ni012,Age - 19 Categories,ni,v13,Demography and Migration
Aged 5 to 14,age_5_14,ni012,Age - 19 Categories,ni,v14,Demography and Migration
Aged 25 to 44,age_25_44,ni012,Age - 19 Categories,ni,v15,Demography and Migration
Aged 45 to 64,age_45_64,ni012,Age - 19 Categories,ni,v16,Demography and Migration
Aged 65 to 84,age_65_84,ni012,Age - 19 Categories,ni,v17,Demography and Migration
Aged 85 years and over,ni0260087,ni026,Age - 86 Categories,ni,v18,Demography and Migration
Address one year ago is the same as the address of enumeration,ni0040002,ni004,Address One Year Ago,ni,v19,Demography and Migration
Chinese,ni0600006,ni060,Ethnic Group,ni,v21,"Ethnicity, Identity, Language and Religion"
Indian,ni0600005,ni060,Ethnic Group,ni,v22,"Ethnicity, Identity, Language and Religion"
Pakistani,ni0600008,ni060,Ethnic Group,ni,v23,"Ethnicity, Identity, Language and Religion"
Other Asian,ni0600010,ni060,Ethnic Group,ni,v24,"Ethnicity, Identity, Language and Religion"
Black,ni0590004,ni059,Ethnic Group,ni,v25,"Ethnicity, Identity, Language and Religion"
Mixed or Multiple ethnic groups,ni0600013,ni060,Ethnic Group,ni,v26,"Ethnicity, Identity, Language and Religion"
White,ni0580002,ni058,Ethnic Group,ni,v27,"Ethnicity, Identity, Language and Religion"
All household members have the same ethnic group,ni2570003,ni257,Ethnic Group (Household),ni,v28,"Ethnicity, Identity, Language and Religion"
Cannot speak English well or at all,ni0570004,ni057,English Language Proficiency - 4 Categories,ni,v29,"Ethnicity, Identity, Language and Religion"
No religion,ni1720006,ni172,Religion - 6 Categories,ni,v30,"Ethnicity, Identity, Language and Religion"
Christian,ni1720002,ni172,Religion - 6 Categories,ni,v31,"Ethnicity, Identity, Language and Religion"
Other religion,ni1720005,ni172,Religion - 6 Categories,ni,v32,"Ethnicity, Identity, Language and Religion"
Standardised Illness Ratio,SIR,SIR,Disability,ni,v33,"Health, Disability and Unpaid Care"
Provides unpaid care,ni1270003,ni127,Provision of Unpaid Care - 3 Categories,ni,v34,"Health, Disability and Unpaid Care"
Detached,ni1990002,ni199,Accommodation Type,ni,v35,Housing
Semi-detached,ni1990003,ni199,Accommodation Type,ni,v36,Housing
Terraced (including end-terrace),ni1990004,ni199,Accommodation Type,ni,v37,Housing
Lives in a flat,flat,ni003,Household: Accommodation Type,ni,v38,Housing
Two or more cars or vans,ni2210004,ni221,Car or Van Availability - 3 Categories,ni,v39,Housing
Under occupation,under_occupation,ni153,Household: Rooms (Occupancy Rating),ni,v40,Housing
Overcrowding,ni1520003,ni152,Household: Rooms (Occupancy Rating) - 3 Categories,ni,v41,Housing
Social rented,ni1070003,ni107,Household: Tenure - 5 Categories,ni,v42,Housing
Private rented,ni1070004,ni107,Household: Tenure - 5 Categories,ni,v43,Housing
Ownership or shared ownership,ni1070002,ni107,Household: Tenure - 5 Categories,ni,v44,Housing
Part-time,ni1130002,ni113,Hours Worked - 3 Categories,ni,v45,Labour Market
Full-time,ni1130003,ni113,Hours Worked - 3 Categories,ni,v46,Labour Market
L15 Full-time students,ni1490017,ni149,National Statistics Socio-economic Classification,ni,v47,Labour Market
1. Managers directors and senior officials,ni1550002,ni155,Occupation (Current) - 10 Categories,ni,v48,Labour Market
2. Professional occupations,ni1550003,ni155,Occupation (Current) - 10 Categories,ni,v49,Labour Market
3. Associate professional and technical occupations,ni1550004,ni155,Occupation (Current) - 10 Categories,ni,v50,Labour Market
4. Administrative and secretarial occupations,ni1550005,ni155,Occupation (Current) - 10 Categories,ni,v51,Labour Market
5. Skilled trades occupations,ni1550006,ni155,Occupation (Current) - 10 Categories,ni,v52,Labour Market
6. Caring leisure and other service occupations,ni1550007,ni155,Occupation (Current) - 10 Categories,ni,v53,Labour Market
7. Sales and customer service occupations,ni1550008,ni155,Occupation (Current) - 10 Categories,ni,v54,Labour Market
8. Process plant and machine operatives,ni1550009,ni155,Occupation (Current) - 10 Categories,ni,v55,Labour Market
9. Elementary occupations,ni1550010,ni155,Occupation (Current) - 10 Categories,ni,v56,Labour Market
Economically active: Unemployed,ni0500005,ni050,Economic Activity - 12 Categories,ni,v57,Labour Market
Level 1 Level 2 or Apprenticeship,level_1_2_and_appr,ni110,Qualifications (Highest Level),ni,v58,Education
Level 3 qualifications,ni1100006,ni110,Qualifications (Highest Level),ni,v59,Education
Level 4 qualifications or above,ni1100007,ni110,Qualifications (Highest Level),ni,v60,Education
Lives in a communal establishment,UV101b0003,UV101b,Usual resident population by sex by age (6),scot,v01,Demography and Migration
Never married and never registered a civil partnership,UV1040002,UV104,Marital and civil partnership status,scot,v02,Demography and Migration
Married or in a registered civil partnership,UV1040003,UV104,Marital and civil partnership status,scot,v03,Demography and Migration
Separated or divorced,separated_divorced,UV104,Marital and civil partnership status,scot,v04,Demography and Migration
One-person household,UV1120002,UV112,Household composition - People,scot,v05,Demography and Migration
Families with no children,no_children,UV112,Household composition - People,scot,v06,Demography and Migration
Families dependent children,dependant_children,UV112,Household composition - People,scot,v07,Demography and Migration
Europe: United Kingdom,UV2040003,UV204,Country of birth ,scot,v08,Demography and Migration
Europe: EU countries,UV2040010,UV204,Country of birth,scot,v09,Demography and Migration
Europe: Non-EU countries,UV2040027,UV204,Country of birth ,scot,v10,Demography and Migration
Africa,UV2040031,UV204,Country of birth,scot,v11,Demography and Migration
Population density (number of usual residents per square kilometre) ,population_density,population_density,Population density,scot,v12,Demography and Migration
Aged 4 years and under,age_4_and_under,UV103,Age,scot,v13,Demography and Migration
Aged 5 to 14,age_5_14,UV103,Age,scot,v14,Demography and Migration
Aged 25 to 44,age_25_44,UV103,Age,scot,v15,Demography and Migration
Aged 45 to 64,age_45_64,UV103,Age,scot,v16,Demography and Migration
Aged 65 to 84,age_65_84,UV103,Age,scot,v17,Demography and Migration
Aged 85 years and over,age_85_and_over,UV103,Age,scot,v18,Demography and Migration
Address one year ago is the same as the address of enumeration,Same_as_the_address_of_enumeration,migrant_indicator,Migrant Indicator,scot,v19,Demography and Migration
Bangladeshi,UV2010013,UV201,Ethnic group (21) ,scot,v20,"Ethnicity, Identity, Language and Religion"
Chinese,UV2010014,UV201,Ethnic group (21) ,scot,v21,"Ethnicity, Identity, Language and Religion"
Indian,UV2010012,UV201,Ethnic group (21) ,scot,v22,"Ethnicity, Identity, Language and Religion"
Pakistani,UV2010011,UV201,Ethnic group (21) ,scot,v23,"Ethnicity, Identity, Language and Religion"
Other Asian,UV2010015,UV201,Ethnic group (21) ,scot,v24,"Ethnicity, Identity, Language and Religion"
Black,UV2010021,UV201,Ethnic group (21) ,scot,v25,"Ethnicity, Identity, Language and Religion"
Mixed or Multiple ethnic groups,UV2010009,UV201,Ethnic group (21) ,scot,v26,"Ethnicity, Identity, Language and Religion"
White,UV2010002,UV201,Ethnic group (21) ,scot,v27,"Ethnicity, Identity, Language and Religion"
All household members have the same ethnic group,UV2030003,UV203,Multiple ethnic groups,scot,v28,"Ethnicity, Identity, Language and Religion"
Cannot speak English well or at all,cannot_speak_English,UV210,English language skills,scot,v29,"Ethnicity, Identity, Language and Religion"
No religion,UV2050012,UV205,Religion,scot,v30,"Ethnicity, Identity, Language and Religion"
Christian,christian,UV205,Religion,scot,v31,"Ethnicity, Identity, Language and Religion"
Other religion,UV2050011,UV205,Religion,scot,v32,"Ethnicity, Identity, Language and Religion"
Standardised Illness Ratio,SIR,SIR,Disability,scot,v33,"Health, Disability and Unpaid Care"
Provides unpaid care,UV3010003,UV301,Provision of unpaid care,scot,v34,"Health, Disability and Unpaid Care"
Detached,UV4010003,UV401,Accommodation type - People,scot,v35,Housing
Semi-detached,UV4010004,UV401,Accommodation type - People,scot,v36,Housing
Terraced (including end-terrace),UV4010005,UV401,Accommodation type - People,scot,v37,Housing
Lives in a flat,UV4010006,UV401,Accommodation type - People,scot,v38,Housing
Two or more cars or vans,cars_2_or_more,UV405,Car or van availability,scot,v39,Housing
Under occupation,under_occupation,UV415,Occupancy rating for bedrooms,scot,v40,Housing
Overcrowding,UV4150005,UV415,Occupancy rating for bedrooms,scot,v41,Housing
Social rented,UV4040007,UV404,Household tenure - People,scot,v42,Housing
Private rented,UV4040008,UV404,Household tenure - People,scot,v43,Housing
Ownership or shared ownership,UV4040002,UV404,Household tenure - People,scot,v44,Housing
Part-time,hours_part,UV604,Hours worked,scot,v45,Labour Market
Full-time,hours_full,UV604,Hours worked,scot,v46,Labour Market
L15 Full-time students,UV6070017,UV607,National Statistics Socio-economic Classification (NS-SeC),scot,v47,Labour Market
1 Managers directors and senior officials,UV6060002,UV606,Occupation,scot,v48,Labour Market
2 Professional occupations,UV6060005,UV606,Occupation,scot,v49,Labour Market
3 Associate professional and technical occupations,UV6060010,UV606,Occupation,scot,v50,Labour Market
4 Administrative and secretarial occupations,UV6060016,UV606,Occupation,scot,v51,Labour Market
5 Skilled trades occupations,UV6060019,UV606,Occupation,scot,v52,Labour Market
6 Caring leisure and other service occupations,UV6060024,UV606,Occupation,scot,v53,Labour Market
7 Sales and customer service occupations,UV6060028,UV606,Occupation,scot,v54,Labour Market
8 Process plant and machine operatives,UV6060031,UV606,Occupation,scot,v55,Labour Market
9 Elementary occupations,UV6060034,UV606,Occupation,scot,v56,Labour Market
Economically active: Unemployed,UV6010012,UV601,Economic activity,scot,v57,Labour Market
Level 1 Level 2 or Apprenticeship,level_1_2_and_appr,UV501,Highest level of qualification,scot,v58,Education
Level 3 qualifications,UV5010006,UV501,Highest level of qualification,scot,v59,Education
Level 4 qualifications or above,UV5010007,UV501,Highest level of qualification,scot,v60,Education
